<?xml version="1.0" encoding="UTF-8"?>
<!-- Created with TexturePacker http://texturepacker.com-->
<!-- $TexturePacker:SmartUpdate:656a2eb3740661c426ae5dd3cb236246$ -->
<TextureAtlas imagePath="atlas.png">
    <SubTexture name="flight_00" x="0" y="284" width="166" height="164" frameX="-41" frameY="-20" frameWidth="220" frameHeight="220"/>
    <SubTexture name="flight_01" x="332" y="284" width="166" height="160" frameX="-41" frameY="-23" frameWidth="220" frameHeight="220"/>
    <SubTexture name="flight_02" x="166" y="284" width="166" height="150" frameX="-41" frameY="-32" frameWidth="220" frameHeight="220"/>
    <SubTexture name="flight_03" x="0" y="586" width="192" height="142" frameX="-15" frameY="-37" frameWidth="220" frameHeight="220"/>
    <SubTexture name="flight_04" x="0" y="728" width="202" height="108" frameX="-7" frameY="-68" frameWidth="220" frameHeight="220"/>
    <SubTexture name="flight_05" x="0" y="448" width="166" height="138" frameX="-41" frameY="-67" frameWidth="220" frameHeight="220"/>
    <SubTexture name="flight_06" x="166" y="0" width="166" height="144" frameX="-41" frameY="-65" frameWidth="220" frameHeight="220"/>
    <SubTexture name="flight_07" x="332" y="144" width="166" height="140" frameX="-41" frameY="-66" frameWidth="220" frameHeight="220"/>
    <SubTexture name="flight_08" x="0" y="0" width="166" height="130" frameX="-41" frameY="-66" frameWidth="220" frameHeight="220"/>
    <SubTexture name="flight_09" x="332" y="0" width="166" height="130" frameX="-41" frameY="-68" frameWidth="220" frameHeight="220"/>
    <SubTexture name="flight_10" x="166" y="144" width="166" height="128" frameX="-41" frameY="-72" frameWidth="220" frameHeight="220"/>
    <SubTexture name="flight_11" x="0" y="144" width="166" height="126" frameX="-41" frameY="-74" frameWidth="220" frameHeight="220"/>
    <SubTexture name="flight_12" x="166" y="448" width="188" height="108" frameX="-19" frameY="-75" frameWidth="220" frameHeight="220"/>
    <SubTexture name="flight_13" x="192" y="586" width="200" height="134" frameX="-7" frameY="-50" frameWidth="220" frameHeight="220"/>
</TextureAtlas>
